legacy_table,new_table,rows
LGST_Accident,accident,0
LGST_AccountLedger,account_ledger,241432
LGST_AccountLedger_History,account_ledger_history,8328
LGST_Agreement,agreement,34
LGST_Announcements,announcements,110
LGST_Announcements_Customer,announcements_customer,0
LGST_BillDetail,bill_detail,7645
LGST_BillDetail_09102017,bill_detail_09102017,8447
LGST_BillDetail_Deleted,bill_detail_deleted,459
LGST_BillLR,bill_lr,11384
LGST_BillLR_Deleted,bill_lr_deleted,1180
LGST_Branch,branch,22
LGST_City,city,1013
LGST_ClientPaymentReceivedEntry,client_payment_received_entry,0
LGST_Company,company,1
LGST_ComplaintCategory,complaint_category,8
LGST_ComplaintReply,complaint_reply,0
LGST_ComplaintSupport,complaint_support,2
LGST_Container,container,3
LGST_Country,country,21
LGST_Courier,courier,17
LGST_Customer,customer,3089
LGST_CustomerSuggestion,customer_suggestion,1
LGST_Customer_CreditBal_History,customer_credit_bal_history,0
LGST_DCAcknowledgment,dc_acknowledgment,4832
LGST_DCAcknowledgmentClient,dc_acknowledgment_client,3
LGST_DCAcknowledgmentClientItems,dc_acknowledgment_client_items,2
LGST_DCAcknowledgmentCollection,dc_acknowledgment_collection,4622
LGST_DCAcknowledgmentCollectionItems,dc_acknowledgment_collection_items,7113
LGST_DCAcknowledgmentItems,dc_acknowledgment_items,7580
LGST_DCApproved,dc_approved,4287
LGST_DCApproved_Deleted,dc_approved_deleted,33
LGST_DCPaySlip,dc_pay_slip,376
LGST_DCPaymentEntry,dc_payment_entry,2610
LGST_DCPayslipChallan,dc_payslip_challan,3381
LGST_DCPayslipChallan_Deleted,dc_payslip_challan_deleted,5
LGST_DC_WC,dc_wc,302
LGST_DGRNDetails,dgrn_details,6569
LGST_DGRNItems,dgrn_items,8908
LGST_DGRNUploads,dgrn_uploads,0
LGST_DeliveryChallan,delivery_challan,7627
LGST_DeliveryChallanComments,delivery_challan_comments,1
LGST_DeliveryChallanItems,delivery_challan_items,12238
LGST_Department,department,11
LGST_Designation,designation,27
LGST_Document,document,9
LGST_Driver,driver,1240
LGST_Driver_Acc_History,driver_acc_history,0
LGST_Driver_Leave_History,driver_leave_history,0
LGST_Employee,employee,46
LGST_EmployeeDetails,employee_details,0
LGST_ExpenseType,expense_type,22
LGST_GRNDetails,grn_details,5421
LGST_GRNItems,grn_items,7336
LGST_GRNUploads,grn_uploads,2
LGST_Godowns,godowns,3
LGST_Goods,goods,496
LGST_Hamali,hamali,12
LGST_InitiateOrder,initiate_order,6243
LGST_InitiateOrderItem,initiate_order_item,9
LGST_InventoryCategory,inventory_category,6
LGST_InventoryInward,inventory_inward,19
LGST_InventoryInwardSpare,inventory_inward_spare,63
LGST_InventoryJobCard,inventory_job_card,20
LGST_InventoryJobCardItem,inventory_job_card_item,64
LGST_InventoryPOSpare,inventory_po_spare,88
LGST_InventoryPaymentEntry,inventory_payment_entry,0
LGST_InventoryPurchaseOrder,inventory_purchase_order,25
LGST_InventoryReplacement,inventory_replacement,0
LGST_InventoryReplacementItems,inventory_replacement_items,0
LGST_InventoryScrap,inventory_scrap,0
LGST_InventoryServiceBill,inventory_service_bill,0
LGST_InventoryServicePayment,inventory_service_payment,0
LGST_InventorySpare,inventory_spare,131
LGST_InventoryStock,inventory_stock,63
LGST_InventorySupplier,inventory_supplier,18
LGST_InventoryTruckMaintenance,inventory_truck_maintenance,3145
LGST_InventoryTruckMaintenanceCheckList,inventory_truck_maintenance_check_list,69234
LGST_Itemold,itemold,4
LGST_LRAcknowledgment,lr_acknowledgment,9104
LGST_LRAcknowledgmentItems,lr_acknowledgment_items,10448
LGST_LRAcknowledgmentUploads,lr_acknowledgment_uploads,1
LGST_LRCharges,lr_charges,2
LGST_LRCheckList,lr_check_list,3
LGST_LRDelivered,lr_delivered,5946
LGST_LRDetail,lr_detail,12388
LGST_LRDetails_Status_History,lr_details_status_history,22117
LGST_LRDetails_Status_History_20140929,lr_details_status_history_20140929,587
LGST_LRItem,lr_item,14302
LGST_LRTransport,lr_transport,0
LGST_Labour,labour,98
LGST_LedgerMaster,ledger_master,3481
LGST_ListValues,list_values,156
LGST_LogProcess,log_process,16246
LGST_MR_RR,mr_rr,652
LGST_MR_RRWagons,mr_rr_wagons,7038
LGST_Menu,menu,176
LGST_MenuPerRole,menu_per_role,4969
LGST_Message,message,3
LGST_MonthlyFixedExpenses,monthly_fixed_expenses,6805
LGST_MonthlyVariableExpenses,monthly_variable_expenses,19023
LGST_OrderExpense,order_expense,152662
LGST_OwnVehicleRateContract,own_vehicle_rate_contract,21
LGST_OwnVehicleRateContract_History,own_vehicle_rate_contract_history,79
LGST_OwnVehicleRateMatrix,own_vehicle_rate_matrix,94
LGST_OwnVehicleRateMatrix_History,own_vehicle_rate_matrix_history,245
LGST_Payment,payment,4
LGST_Pump,pump,931
LGST_Pump_Fuel_History,pump_fuel_history,1016
LGST_RailwayFreight,railway_freight,87
LGST_RakeDetail,rake_detail,553
LGST_RakeStatus,rake_status,1
LGST_RateContract,rate_contract,532
LGST_RateContract_History,rate_contract_history,2971
LGST_RateMatrix,rate_matrix,5005
LGST_RateMatrixSlab,rate_matrix_slab,719
LGST_RateMatrix_History,rate_matrix_history,38939
LGST_Roles,roles,11
LGST_SearchColumn,search_column,137
LGST_State,state,41
LGST_Transport,transport,1536
LGST_TransporterPaymentDetail,transporter_payment_detail,904
LGST_TransporterPaymentDetails,transporter_payment_details,3
LGST_TransporterPaymentEntry,transporter_payment_entry,14
LGST_TransporterPaymentLR,transporter_payment_lr,1454
LGST_TransporterPaymentPaidLR,transporter_payment_paid_lr,0
LGST_TransporterRateMatrix,transporter_rate_matrix,140
LGST_Trip,trip,16498
LGST_Truck,truck,7443
LGST_TruckAdvancePayment,truck_advance_payment,3
LGST_TruckExpense,truck_expense,0
LGST_TruckMaintenaceItem,truck_maintenace_item,0
LGST_TruckMaintenance,truck_maintenance,0
LGST_Unit,unit,75
LGST_UserPerRole,user_per_role,189
LGST_Users,users,189
LGST_VPLoadItems,vp_load_items,8869
LGST_VPLoadItems_Temp,vp_load_items_temp,1
LGST_VPLoading,vp_loading,7020
LGST_VPLoading_Temp,vp_loading_temp,1
LGST_VPPlanning,vp_planning,0
LGST_VPPlanningItem,vp_planning_item,0
LGST_VPSchedule,vp_schedule,297
LGST_VPScheduleCount,vp_schedule_count,3010
LGST_VehicleLoadType,vehicle_load_type,8
LGST_Wagon,wagon,9
Results,results,0
